{"cameraMode":{"drawMode":0,"name":"Shaded","section":"Shading Mode"},"sceneLighting":false,"audioPlay":false,"sceneViewState":{"m_AlwaysRefresh":false,"showFog":true,"showSkybox":false,"showFlares":true,"showImageEffects":true,"showParticleSystems":true,"showVisualEffectGraphs":true,"m_FxEnabled":true},"in2DMode":false,"pivot":{"x":112.72299194335938,"y":26.117422103881837,"z":-12.170062065124512},"rotation":{"x":0.37663018703460696,"y":-0.4042319655418396,"z":0.18331296741962434,"w":0.8135958909988403},"size":36.99398422241211,"orthographic":false}