{"cameraMode":{"drawMode":0,"name":"Shaded","section":"Shading Mode"},"sceneLighting":true,"audioPlay":false,"sceneViewState":{"m_AlwaysRefresh":false,"showFog":true,"showSkybox":true,"showFlares":true,"showImageEffects":true,"showParticleSystems":true,"showVisualEffectGraphs":true,"m_FxEnabled":true},"in2DMode":false,"pivot":{"x":-40.778419494628909,"y":-12.783184051513672,"z":-28.977798461914064},"rotation":{"x":0.05742263048887253,"y":-0.9405264258384705,"z":0.20378948748111726,"w":0.2662307024002075},"size":25.393291473388673,"orthographic":false}