{"cameraMode":{"drawMode":0,"name":"Shaded","section":"Shading Mode"},"sceneLighting":true,"audioPlay":false,"sceneViewState":{"m_AlwaysRefresh":false,"showFog":true,"showSkybox":true,"showFlares":true,"showImageEffects":true,"showParticleSystems":true,"showVisualEffectGraphs":true,"m_FxEnabled":true},"in2DMode":false,"pivot":{"x":-32.028076171875,"y":-13.951492309570313,"z":-85.94561004638672},"rotation":{"x":0.0002978912089020014,"y":-0.9952703714370728,"z":0.09765889495611191,"w":0.00303857889957726},"size":56.967742919921878,"orthographic":false}