{"cameraMode":{"drawMode":0,"name":"Shaded","section":"Shading Mode"},"sceneLighting":true,"audioPlay":false,"sceneViewState":{"m_AlwaysRefresh":false,"showFog":true,"showSkybox":true,"showFlares":true,"showImageEffects":true,"showParticleSystems":true,"showVisualEffectGraphs":true,"m_FxEnabled":true},"in2DMode":false,"pivot":{"x":-34.570777893066409,"y":0.9750509262084961,"z":-14.201443672180176},"rotation":{"x":0.026635970920324327,"y":-0.9730865359306336,"z":0.17586803436279298,"w":0.14710527658462525},"size":16.644878387451173,"orthographic":false}