{"cameraMode":{"drawMode":0,"name":"Shaded","section":"Shading Mode"},"sceneLighting":true,"audioPlay":false,"sceneViewState":{"m_AlwaysRefresh":false,"showFog":true,"showSkybox":true,"showFlares":true,"showImageEffects":true,"showParticleSystems":true,"showVisualEffectGraphs":true,"m_FxEnabled":true},"in2DMode":false,"pivot":{"x":533.8843383789063,"y":-396.29034423828127,"z":-312.90716552734377},"rotation":{"x":-0.15063601732254029,"y":-0.8295455574989319,"z":0.2662319839000702,"w":-0.46765008568763735},"size":430.59417724609377,"orthographic":false}