{"cameraMode":{"drawMode":0,"name":"Shaded","section":"Shading Mode"},"sceneLighting":true,"audioPlay":false,"sceneViewState":{"m_AlwaysRefresh":false,"showFog":true,"showSkybox":true,"showFlares":true,"showImageEffects":true,"showParticleSystems":true,"showVisualEffectGraphs":true,"m_FxEnabled":true},"in2DMode":false,"pivot":{"x":-21.850055694580079,"y":-6.676572799682617,"z":10.723705291748047},"rotation":{"x":-0.13724146783351899,"y":0.09452496469020844,"z":-0.013357910327613354,"w":-0.9860900640487671},"size":33.712799072265628,"orthographic":false}