{"cameraMode":{"drawMode":0,"name":"Shaded","section":"Shading Mode"},"sceneLighting":true,"audioPlay":false,"sceneViewState":{"m_AlwaysRefresh":false,"showFog":true,"showSkybox":true,"showFlares":true,"showImageEffects":true,"showParticleSystems":true,"showVisualEffectGraphs":true,"m_FxEnabled":true},"in2DMode":false,"pivot":{"x":-27.642681121826173,"y":-4.155414581298828,"z":-15.089212417602539},"rotation":{"x":0.0052317543886601929,"y":-0.9866161346435547,"z":0.1600380539894104,"w":0.031992871314287189},"size":16.498973846435548,"orthographic":false}