{"cameraMode":{"drawMode":0,"name":"Shaded","section":"Shading Mode"},"sceneLighting":true,"audioPlay":false,"sceneViewState":{"m_AlwaysRefresh":false,"showFog":true,"showSkybox":true,"showFlares":true,"showImageEffects":true,"showParticleSystems":true,"showVisualEffectGraphs":true,"m_FxEnabled":true},"in2DMode":false,"pivot":{"x":-37.51415252685547,"y":-29.926877975463868,"z":36.192447662353519},"rotation":{"x":0.2631654143333435,"y":-0.19116106629371644,"z":0.053255628794431689,"w":0.944220781326294},"size":40.261905670166019,"orthographic":false}