{"cameraMode":{"drawMode":0,"name":"Shaded","section":"Shading Mode"},"sceneLighting":false,"audioPlay":false,"sceneViewState":{"m_AlwaysRefresh":false,"showFog":true,"showSkybox":false,"showFlares":true,"showImageEffects":true,"showParticleSystems":true,"showVisualEffectGraphs":true,"m_FxEnabled":true},"in2DMode":false,"pivot":{"x":-2.1313600540161135,"y":6.089959621429443,"z":-10.861950874328614},"rotation":{"x":0.026635970920324327,"y":-0.9730865359306336,"z":0.17586803436279298,"w":0.14710527658462525},"size":8.299427032470704,"orthographic":false}