{"cameraMode":{"drawMode":0,"name":"Shaded","section":"Shading Mode"},"sceneLighting":false,"audioPlay":false,"sceneViewState":{"m_AlwaysRefresh":false,"showFog":true,"showSkybox":false,"showFlares":true,"showImageEffects":true,"showParticleSystems":true,"showVisualEffectGraphs":true,"m_FxEnabled":true},"in2DMode":false,"pivot":{"x":381.78619384765627,"y":264.7867126464844,"z":209.8704833984375},"rotation":{"x":0.030265627428889276,"y":-0.054199375212192538,"z":0.001591546693816781,"w":0.998155951499939},"size":480.3623962402344,"orthographic":false}