{"cameraMode":{"drawMode":0,"name":"Shaded","section":"Shading Mode"},"sceneLighting":true,"audioPlay":false,"sceneViewState":{"m_AlwaysRefresh":false,"showFog":true,"showSkybox":true,"showFlares":true,"showImageEffects":true,"showParticleSystems":true,"showVisualEffectGraphs":true,"m_FxEnabled":true},"in2DMode":false,"pivot":{"x":-12.461057662963868,"y":2.3448171615600588,"z":39.941551208496097},"rotation":{"x":-0.12359292060136795,"y":-0.021887902170419694,"z":0.0025011368561536075,"w":-0.9922864437103272},"size":14.739204406738282,"orthographic":false}