{"cameraMode":{"drawMode":0,"name":"Shaded","section":"Shading Mode"},"sceneLighting":true,"audioPlay":false,"sceneViewState":{"m_AlwaysRefresh":false,"showFog":true,"showSkybox":true,"showFlares":true,"showImageEffects":true,"showParticleSystems":true,"showVisualEffectGraphs":true,"m_FxEnabled":true},"in2DMode":false,"pivot":{"x":151.9624786376953,"y":67.29026794433594,"z":99.60871124267578},"rotation":{"x":0.024153204634785653,"y":-0.6997338533401489,"z":0.02380327880382538,"w":0.7138818502426148},"size":16.707725524902345,"orthographic":false}