{"cameraMode":{"drawMode":0,"name":"Shaded","section":"Shading Mode"},"sceneLighting":true,"audioPlay":false,"sceneViewState":{"m_AlwaysRefresh":false,"showFog":true,"showSkybox":true,"showFlares":true,"showImageEffects":true,"showParticleSystems":true,"showVisualEffectGraphs":true,"m_FxEnabled":true},"in2DMode":false,"pivot":{"x":-11.102684020996094,"y":5.163356781005859,"z":78.71674346923828},"rotation":{"x":-0.0035228286869823934,"y":-0.9927920699119568,"z":0.11910650134086609,"w":-0.02610372006893158},"size":11.800687789916993,"orthographic":false}