{"cameraMode":{"drawMode":0,"name":"Shaded","section":"Shading Mode"},"sceneLighting":true,"audioPlay":false,"sceneViewState":{"m_AlwaysRefresh":false,"showFog":true,"showSkybox":true,"showFlares":true,"showImageEffects":true,"showParticleSystems":true,"showVisualEffectGraphs":true,"m_FxEnabled":true},"in2DMode":false,"pivot":{"x":7.889090061187744,"y":-4.738709449768066,"z":0.23779159784317017},"rotation":{"x":0.16317686438560487,"y":0.6286678314208984,"z":-0.1371575891971588,"w":0.7479032278060913},"size":6.3023152351379398,"orthographic":false}