{"cameraMode":{"drawMode":0,"name":"Shaded","section":"Shading Mode"},"sceneLighting":true,"audioPlay":false,"sceneViewState":{"m_AlwaysRefresh":false,"showFog":true,"showSkybox":true,"showFlares":true,"showImageEffects":true,"showParticleSystems":true,"showVisualEffectGraphs":true,"m_FxEnabled":true},"in2DMode":false,"pivot":{"x":-42.8753662109375,"y":14.38127326965332,"z":28.23815155029297},"rotation":{"x":0.4055424630641937,"y":0.045329347252845767,"z":-0.026408324018120767,"w":0.9132245779037476},"size":55.539493560791019,"orthographic":false}