{"cameraMode":{"drawMode":0,"name":"Shaded","section":"Shading Mode"},"sceneLighting":true,"audioPlay":false,"sceneViewState":{"m_AlwaysRefresh":false,"showFog":true,"showSkybox":true,"showFlares":true,"showImageEffects":true,"showParticleSystems":true,"showVisualEffectGraphs":true,"m_FxEnabled":true},"in2DMode":false,"pivot":{"x":-1.3409756422042847,"y":-1.0527219772338868,"z":-0.9780287742614746},"rotation":{"x":0.16317686438560487,"y":0.6286678314208984,"z":-0.1371575891971588,"w":0.7479032278060913},"size":0.6953393220901489,"orthographic":false}