{"cameraMode":{"drawMode":0,"name":"Shaded","section":"Shading Mode"},"sceneLighting":true,"audioPlay":false,"sceneViewState":{"m_AlwaysRefresh":false,"showFog":true,"showSkybox":true,"showFlares":true,"showImageEffects":true,"showParticleSystems":true,"showVisualEffectGraphs":true,"m_FxEnabled":true},"in2DMode":false,"pivot":{"x":348.9425964355469,"y":217.160400390625,"z":-112.63191986083985},"rotation":{"x":-3.1019325774650499e-7,"y":-1.0000007152557374,"z":0.0003097497974522412,"w":-0.0008937438251450658},"size":253.77243041992188,"orthographic":false}