{"cameraMode":{"drawMode":0,"name":"Shaded","section":"Shading Mode"},"sceneLighting":true,"audioPlay":false,"sceneViewState":{"m_AlwaysRefresh":false,"showFog":true,"showSkybox":true,"showFlares":true,"showImageEffects":true,"showParticleSystems":true,"showVisualEffectGraphs":true,"m_FxEnabled":true},"in2DMode":false,"pivot":{"x":-6.988507270812988,"y":1.7375249862670899,"z":-17.99587059020996},"rotation":{"x":0.3260424733161926,"y":-0.07869867235422135,"z":0.027256514877080919,"w":0.9417046904563904},"size":22.433155059814454,"orthographic":false}