{"cameraMode":{"drawMode":0,"name":"Shaded","section":"Shading Mode"},"sceneLighting":false,"audioPlay":false,"sceneViewState":{"m_AlwaysRefresh":false,"showFog":true,"showSkybox":false,"showFlares":true,"showImageEffects":true,"showParticleSystems":true,"showVisualEffectGraphs":true,"m_FxEnabled":true},"in2DMode":false,"pivot":{"x":102.45559692382813,"y":150.85142517089845,"z":77.68804931640625},"rotation":{"x":-0.12386831641197205,"y":0.11888900399208069,"z":0.015127001330256462,"w":0.9852376580238342},"size":167.27940368652345,"orthographic":false}